Sunbrook,5,11-10-17,11-10-17,25.748008,104.518068,1,In hac habitasse platea dictumst.
Arizona,4,11-07-17 3:00,11-07-17 3:00,29.4724425,110.5437982,4,Mauris ullamcorper purus sit amet nulla.
Clove,3,07-06-18 12:00,07-06-18 12:00,57.3397034,28.3570946,1,Ut at dolor quis odio consequat varius. Integer ac leo.
Hermina,2,5/21/2018 9:00,5/21/2018 9:00,53.7253057,78.0495272,5,In congue. Etiam justo.
Pleasure,1,4/24/2018 1:00,4/24/2018 1:00,-20.692675,164.991636,2,Donec posuere metus vitae ipsum.
